ad_spend_thousand_usd,weekly_visits
1.84,512
6.67,519
4.26,493
1.73,472
4.88,540
5.45,588
3.62,420
4.74,605
5.28,557
3.22,536
3.94,537
7.26,586
3.71,457
8.04,460
4.43,454
2.62,528
3.69,382
1.51,431
2.24,504
5.26,555
4.98,474
2.99,466
6.86,534
6.88,431
6.57,520
1.84,366
5.39,590
1.19,431
3.86,494
4.65,440
6.04,494
2.39,466
4.52,488
7.54,536
4.40,513
5.67,501
4.09,471
3.07,568
4.56,492
3.15,477
10.01,569
3.45,471
3.07,530
3.90,539
3.53,463
2.96,432
3.35,489
8.54,521
4.25,530
3.08,401
3.85,482
1.88,423
1.69,388
4.47,500
8.77,574
3.35,449
8.51,490
3.82,441
6.50,598
10.24,508
8.30,551
3.01,448
4.05,469
1.67,507
4.59,502
5.47,537
5.91,383
3.90,423
2.25,469
3.10,448
5.53,585
6.95,536
4.23,464
6.23,516
6.42,570
20.07,627
4.29,517
5.17,512
2.71,463
1.80,420
1.87,472
5.31,487
3.34,479
4.09,490
2.41,433
3.29,378
3.81,489
6.21,645
3.58,580
4.17,483
2.53,362
10.04,496
7.84,552
2.74,498
4.78,536
2.66,404
1.67,407
5.01,536
4.90,511
4.63,486
4.76,544
3.21,485
5.26,462
5.15,496
4.11,522
6.96,550
6.98,674
3.48,461
2.00,476
4.14,559
2.17,392
4.56,433
3.15,464
11.62,526
4.03,532
3.83,473
2.53,487
1.48,434
6.51,538
4.22,652
1.33,450
5.42,438
12.57,587
3.07,432
10.52,654
2.50,509
4.64,587
5.62,502
6.15,507
3.80,492
5.41,515
3.58,479
2.24,478
1.56,512
7.67,586
4.15,487
6.07,446
6.84,529
4.06,492
1.85,384
4.11,443
3.29,417
4.02,404
8.52,495
4.74,492
3.75,508
13.15,540
11.58,541
10.24,564
14.38,532
2.98,478
5.40,526
4.39,505
1.95,395
4.95,561
4.13,440
4.16,529
2.83,425
5.27,483
5.89,439
14.56,556
7.43,579
3.84,570
5.58,453
3.79,460
4.53,487
2.95,400
1.39,491
5.08,487
8.19,521
3.65,517
4.18,460
6.05,531
7.66,562
4.38,480
4.69,457
1.74,442
9.02,526
6.35,572
3.70,515
6.52,554
5.28,633
3.75,537
7.54,516
4.38,514
4.07,524
4.49,497
9.09,618
2.75,495
2.47,484
5.11,551
7.19,526
5.45,481
8.18,410
3.10,423
3.31,464
4.73,514
7.84,527
6.02,512
2.70,450
6.27,592
3.91,392
3.15,424
5.16,514
5.77,555
6.26,648
4.89,649
3.67,493
8.68,531
2.65,423
3.30,475
5.31,455
6.98,520
7.45,474
4.87,540
2.66,484
1.96,495
1.54,428
8.10,622
5.55,515
3.05,409
5.17,533
4.69,405
2.51,482
3.29,500
3.31,492
2.45,493
11.12,558
5.64,476
11.63,601
3.46,460
6.60,614
3.23,424
4.87,499
1.18,329
6.51,550
5.18,503
2.23,411
4.09,569
2.92,520
3.23,504
9.19,443
3.70,495
5.25,543
2.13,454
1.35,424
2.41,468
3.18,532
2.67,420
4.84,473
3.89,436
2.51,367
5.28,508
6.83,553
5.11,610
2.85,424
5.87,430
3.12,411
4.49,395
4.45,502
9.92,514
7.05,608
5.03,545
3.81,522
4.93,452
4.13,474
2.83,486
3.46,517
5.41,570
7.31,621
4.35,448
5.49,444
6.55,612
4.13,484
12.02,458
2.57,440
4.29,488
3.71,542
5.47,464
3.09,529
1.94,442
5.43,547
1.24,402
6.07,601
4.44,623
4.59,460
1.04,433
10.39,507
6.84,511
4.25,521
3.40,536
5.69,585
8.00,575
9.77,642
5.90,554
2.24,382
6.33,523
4.11,556
3.70,358
3.29,519
