returns_bankA_pct,returns_bankB_pct
-0.04,0.72
1.29,1.75
0.20,-0.78
-0.32,1.34
1.44,3.06
-4.91,-5.77
0.16,0.41
3.42,2.32
-2.18,-3.03
-2.22,-3.41
0.25,0.04
1.70,1.00
0.88,1.76
0.48,0.24
-1.41,-1.38
1.60,1.08
0.52,-0.13
-0.48,0.19
-0.57,-0.99
-0.74,-1.99
1.19,0.15
0.05,-0.94
-0.44,-0.97
0.09,0.13
1.12,0.28
0.01,1.96
-0.07,-0.98
1.05,1.20
0.13,-0.55
-0.25,-1.37
-2.02,-0.19
1.87,3.12
0.13,0.18
0.12,-0.22
-1.40,-1.23
-0.32,0.85
-1.64,-0.93
-1.64,1.86
-0.12,-1.34
-0.06,-0.66
-0.18,-0.99
-2.89,-0.68
6.89,12.71
0.82,-0.06
-1.39,-2.36
-2.24,-1.71
2.77,1.59
-0.21,0.19
-1.16,-0.97
-14.64,-7.17
-1.29,0.02
0.59,-0.14
0.27,-0.89
0.22,-0.04
-1.61,-3.57
1.08,0.13
9.30,12.77
-5.65,-2.88
0.14,0.33
0.94,1.19
-0.23,0.51
-2.98,0.36
0.01,-0.83
-3.26,-3.40
3.00,1.25
36.33,25.04
2.13,2.90
-0.96,-0.51
0.06,0.82
0.25,0.03
1.54,1.10
0.36,-0.26
-0.28,-0.78
1.56,2.57
-4.21,-2.14
0.02,0.26
0.40,0.01
0.53,-0.20
4.70,3.49
0.89,-0.01
-1.90,-0.46
-0.71,3.29
-1.11,-2.37
-0.58,0.08
0.19,-1.01
2.77,1.74
-1.07,-0.19
1.52,3.49
0.69,0.01
1.43,-1.35
1.88,-2.78
-12.19,-4.21
-0.69,0.16
0.12,0.91
0.14,-0.66
-0.86,-1.70
-0.64,0.03
0.67,1.28
1.43,1.72
-0.88,-0.79
-0.71,-0.07
-0.37,0.70
-1.07,-0.11
-0.51,0.66
0.05,-0.23
2.01,2.11
-1.16,0.05
-0.12,-0.84
0.03,-0.04
0.06,-0.19
0.57,2.13
0.46,0.10
0.51,-1.47
-0.98,-0.55
0.54,0.49
-0.64,-0.37
0.43,0.33
-0.25,-1.15
0.04,3.85
2.41,1.55
-1.34,1.45
-0.79,-1.12
-0.85,-0.42
1.18,0.37
-3.69,-4.65
0.20,-0.33
-0.35,-0.29
0.65,-2.41
-0.78,-1.03
1.58,1.75
-0.68,-0.10
1.11,1.14
1.09,2.95
-0.56,-0.22
-0.41,-1.24
-0.44,0.50
0.78,0.03
1.40,1.94
-0.10,0.17
-0.16,-0.33
-0.24,-0.01
0.58,0.45
-0.28,-1.97
0.95,1.47
-1.94,-0.67
0.02,1.20
0.46,0.89
0.73,0.70
-2.10,-2.36
-1.42,-1.02
1.45,0.92
-0.98,0.60
-0.75,-0.47
-1.20,-0.83
-2.72,-0.50
0.07,-3.93
4.62,2.83
-0.90,-0.81
-0.63,0.65
-0.44,0.77
-1.25,0.21
0.46,0.16
-0.85,0.74
-1.29,-0.27
1.78,1.04
-2.00,-0.21
0.53,-0.03
3.68,1.85
0.01,-0.59
-0.77,-0.20
-0.19,-0.27
1.29,2.52
1.46,1.49
1.29,1.44
-1.13,-0.40
1.01,2.22
6.02,3.21
2.18,1.06
3.86,3.19
0.85,0.56
-0.22,-1.04
-1.48,-0.87
-1.00,-1.26
1.37,-0.12
0.55,1.47
-1.57,-0.54
0.32,0.72
2.71,1.74
-0.49,-0.88
-3.06,-1.05
0.25,1.69
-0.56,-0.48
1.03,0.29
0.14,-0.75
0.75,-1.38
-1.15,-0.16
0.59,0.82
2.34,1.75
0.60,0.66
1.37,1.44
-2.19,0.94
0.50,-0.42
0.24,0.42
0.67,-0.18
0.64,0.60
-0.85,-1.31
-1.30,-0.68
0.65,0.35
-0.25,0.11
-0.57,-2.66
0.91,1.22
-0.31,-1.08
0.32,0.55
-0.69,0.46
-0.31,-0.39
-0.11,1.16
-0.75,0.37
-0.15,0.28
-0.07,-0.23
-1.22,0.05
-3.42,-1.23
0.97,0.18
3.45,1.96
0.67,-1.82
1.04,0.37
0.84,0.66
-0.18,0.92
0.13,1.11
0.25,-0.12
0.27,-0.01
1.95,1.58
0.52,0.44
-1.56,-2.32
0.32,-1.02
0.48,0.66
-0.13,-1.23
-0.98,-1.33
0.19,1.10
0.48,-0.06
1.87,-0.31
-0.53,0.52
-2.59,-6.73
0.79,0.28
0.08,0.80
-0.07,-0.19
0.08,-0.63
0.08,-1.32
1.99,0.01
-2.58,-1.52
-1.54,0.02
1.51,1.01
1.01,-1.49
0.87,0.90
-2.16,-2.49
-0.86,-1.32
-1.22,-1.21
0.39,-0.21
-0.78,0.66
-0.44,-0.75
-0.66,-2.63
-4.77,-1.55
1.48,0.92
1.60,0.47
1.43,-0.22
1.04,0.61
1.46,0.83
0.58,-1.11
1.05,2.48
-1.20,-2.75
-2.16,-5.50
0.15,0.32
-0.47,-0.94
1.99,-0.69
-0.65,-0.51
0.68,0.61
1.25,1.24
-0.51,-0.76
0.08,0.12
-0.35,0.23
-1.28,-1.31
0.36,0.08
-1.10,0.36
-0.94,-0.29
0.66,0.67
-0.12,-2.06
1.79,-0.42
1.33,0.65
-1.42,-1.39
-2.83,-2.09
0.72,-1.68
0.48,1.16
0.39,0.95
-2.67,-0.65
0.56,-1.10
0.17,-0.02
0.53,-0.34
-0.11,0.20
-0.78,-0.70
0.43,-0.83
-0.29,0.68
0.04,-0.05
0.94,0.90
-0.58,-0.38
0.72,0.23
1.61,1.22
1.92,1.45
1.62,0.20
-1.40,-0.00
0.36,-0.77
-1.00,0.99
0.54,-1.20
0.58,-0.01
-0.05,0.94
1.65,1.14
0.01,0.05
-0.63,-0.17
0.29,0.05
0.59,1.39
0.48,0.00
0.39,-0.15
2.08,0.59
0.35,0.46
-2.90,-0.87
7.06,2.22
-0.04,0.73
-1.49,-1.67
-0.71,0.17
1.37,1.92
-1.78,-0.54
-0.47,1.05
1.69,0.77
1.33,1.57
0.92,1.54
1.34,1.34
5.69,3.46
0.52,0.91
-9.85,-12.48
1.27,-0.51
1.46,0.89
-1.26,-0.92
-0.59,-0.03
0.24,0.45
1.01,-1.17
-0.01,-0.44
0.62,0.56
0.97,1.45
1.49,1.62
0.97,-0.15
0.83,0.67
0.62,0.38
1.00,1.70
-0.48,1.51
0.85,-0.95
-3.11,-0.73
0.60,-0.21
0.00,0.14
-0.72,-0.27
0.30,-0.90
-0.98,-0.85
1.33,1.19
0.02,-0.48
0.35,-0.02
0.82,1.55
-0.52,-0.28
0.62,-0.17
1.94,1.48
-1.01,0.72
-0.83,-0.26
-2.34,-1.35
0.60,1.84
1.68,0.29
-1.87,-1.42
0.69,-0.80
-0.47,0.47
0.15,0.50
-2.75,-1.74
-5.53,-4.60
0.25,-1.91
-1.96,-1.45
-1.59,-2.17
0.73,0.49
-0.46,-0.42
-2.00,-1.00
1.99,2.17
-1.27,-1.47
0.66,0.04
-0.89,-0.88
-0.33,-0.01
-1.20,-0.58
1.88,2.00
1.58,-0.55
-1.61,2.08
0.73,0.24
-0.26,-0.23
1.94,1.42
0.93,0.83
2.14,1.42
1.07,0.93
1.83,0.00
-0.66,-0.58
0.40,0.10
1.04,0.21
-0.23,1.13
0.49,0.64
-7.11,-4.31
-0.28,1.11
-0.31,-0.57
-0.03,-1.34
-0.42,-0.35
-0.77,1.68
-0.73,-0.91
1.11,0.51
0.70,-0.14
0.08,-0.52
2.49,0.22
-0.98,-0.13
-1.35,0.57
-1.98,-2.77
-0.12,0.67
0.01,-0.45
0.75,-1.67
0.55,1.74
-1.34,-1.16
-1.08,-1.15
-1.79,-1.41
0.43,0.04
-1.35,-1.65
3.19,2.21
0.35,3.02
-1.97,-0.37
1.26,0.29
0.70,-0.91
-0.98,-0.48
1.24,-0.15
-0.60,0.07
0.69,0.15
-1.20,-1.83
-0.83,0.12
0.13,0.39
-0.56,-0.05
0.07,-0.23
0.62,0.76
-0.84,-0.66
2.74,1.31
-1.11,-0.59
-2.50,-1.69
-0.21,-0.09
0.05,0.21
-0.39,-0.01
-0.08,-1.23
3.35,2.34
-0.67,-0.03
6.40,-4.78
3.45,0.35
3.13,2.08
-1.93,0.99
0.81,1.14
-2.45,-1.73
0.98,2.12
1.64,1.76
0.82,-0.20
-2.77,-1.61
-1.09,-1.36
-6.04,-3.88
0.61,-0.52
-2.06,-1.43
-0.16,-0.40
0.04,-0.73
-0.89,2.16
-2.91,-2.33
0.40,-0.28
-2.38,-1.95
-1.28,-1.64
1.05,0.24
0.13,0.75
0.41,-0.60
-0.86,0.37
1.03,0.02
-0.83,0.13
-2.51,-0.88
-0.53,0.32
-1.81,-0.98
0.64,-0.25
0.41,-0.06
-0.45,0.47
0.16,-0.65
0.49,0.53
0.30,1.29
1.10,1.47
-0.71,0.21
0.67,0.67
-0.04,0.61
-2.05,-1.20
-1.92,-3.02
-0.18,-0.32
-0.15,-0.25
-0.27,-0.71
-0.94,-0.44
0.05,1.44
1.21,-0.64
