losses_cityA_million_usd,losses_cityB_million_usd
1.67,2.09
4.83,3.97
2.22,3.03
1.51,4.83
2.83,1.25
1.85,1.92
2.96,4.46
2.23,3.04
1.99,1.81
3.84,5.80
4.77,5.04
1.86,1.22
2.11,3.80
1.76,2.75
0.55,0.62
2.68,8.07
5.88,3.27
0.48,1.48
4.01,4.91
2.52,1.59
1.57,1.44
3.29,1.91
2.32,2.41
4.07,8.30
1.65,0.44
2.13,2.30
2.90,1.66
2.30,3.21
3.94,3.85
4.25,4.46
3.61,6.64
0.90,0.98
2.30,1.86
6.15,7.76
1.68,1.23
0.92,2.71
9.92,11.12
1.79,1.51
2.25,3.03
3.10,2.98
4.79,6.67
1.74,2.73
3.82,5.60
2.76,4.88
2.87,5.16
3.56,8.12
2.25,3.28
2.77,4.95
3.57,4.59
2.43,3.39
5.92,7.64
1.96,3.38
4.65,6.90
1.84,1.51
1.52,3.37
2.22,2.25
5.22,9.28
1.70,1.41
4.38,4.60
0.68,0.90
1.61,1.51
0.79,0.98
4.86,7.11
3.00,3.19
2.72,2.16
1.66,2.26
3.44,3.50
2.73,5.35
6.67,5.48
2.05,1.58
3.83,4.04
2.90,3.65
0.61,1.33
2.69,3.14
2.87,2.30
1.42,7.65
2.36,2.28
0.64,1.15
2.25,3.03
2.39,1.68
1.76,2.84
3.26,2.95
2.27,4.78
0.96,1.86
2.98,1.87
1.28,1.68
1.07,3.79
1.93,1.93
2.65,2.50
4.40,5.91
3.95,3.85
1.53,1.98
1.99,6.54
5.42,7.40
7.09,10.45
2.86,3.80
1.81,2.57
3.14,2.21
6.24,6.03
3.98,7.70
3.96,6.79
2.69,2.64
4.73,2.99
3.27,6.49
2.58,3.54
2.52,2.45
2.68,1.97
1.39,2.23
1.44,1.36
1.55,2.05
5.19,7.18
4.82,7.51
0.87,1.06
2.66,3.48
4.30,4.31
4.70,2.61
3.10,3.34
3.59,4.24
1.13,2.87
1.89,1.32
1.24,2.81
1.41,1.92
5.68,8.90
1.97,2.70
1.23,1.63
3.84,1.43
0.79,2.52
1.38,4.99
3.39,3.93
1.44,2.11
3.27,2.60
5.93,11.25
1.58,1.68
1.73,1.52
2.61,3.49
3.98,3.44
5.52,9.22
1.99,2.83
3.89,4.26
6.11,8.62
1.79,0.86
5.87,6.18
2.66,2.22
2.07,4.21
2.41,2.07
3.11,6.97
2.92,4.33
1.91,3.81
4.32,7.09
2.41,4.10
3.98,6.64
3.15,6.08
2.68,2.61
2.92,3.22
2.56,4.10
2.89,3.56
1.28,1.28
3.16,3.84
3.03,2.71
1.39,1.98
1.46,1.18
1.63,3.81
2.43,1.88
3.08,2.27
2.23,1.85
5.56,12.52
2.39,3.46
9.88,9.56
1.56,0.98
2.35,1.66
2.37,3.06
2.37,1.33
3.28,1.81
1.95,2.24
2.05,4.21
2.79,2.87
2.14,5.33
2.67,3.01
2.08,1.47
4.61,6.30
1.17,3.04
3.58,4.98
4.08,8.01
2.24,2.63
1.58,1.33
5.15,3.94
1.00,0.43
8.50,4.49
6.01,9.09
4.63,7.42
4.78,8.54
8.88,5.46
1.33,1.03
2.62,1.81
3.52,4.43
5.68,11.65
2.91,2.11
7.18,12.60
3.10,6.74
3.80,5.12
1.03,3.64
1.44,2.83
4.37,7.95
2.89,2.88
1.83,1.59
4.87,9.88
6.42,7.14
2.46,2.49
5.44,0.98
3.61,7.69
2.05,2.30
2.46,6.63
4.13,5.98
2.46,1.90
1.78,1.98
5.86,5.23
0.89,0.61
4.91,6.09
6.18,7.82
2.23,2.76
8.23,13.55
2.57,3.57
2.03,2.48
3.42,1.78
1.79,1.77
4.29,9.73
1.76,3.18
1.92,4.60
2.26,1.49
5.61,4.17
9.67,12.65
8.89,17.49
6.15,3.11
4.86,5.30
3.95,1.20
3.16,2.68
10.20,13.03
2.05,1.87
6.03,11.45
3.16,6.21
8.43,12.70
1.43,1.61
3.59,2.61
3.40,2.75
4.85,2.87
1.33,3.12
3.45,3.17
3.46,2.78
3.72,4.43
5.02,4.02
2.73,3.17
6.11,7.82
1.37,3.82
0.96,1.23
5.48,2.94
1.18,1.32
6.07,4.84
2.99,11.57
6.28,3.86
3.40,5.61
2.02,3.13
1.71,2.43
1.44,1.93
4.92,4.04
3.60,6.14
3.30,3.23
2.75,2.49
1.64,1.94
4.46,5.78
1.33,1.16
1.82,3.21
0.99,3.82
7.39,6.13
2.06,2.07
2.50,2.62
2.20,3.79
2.46,0.90
1.57,1.11
3.81,6.50
1.77,1.56
2.62,4.07
1.69,6.18
2.88,4.59
3.07,4.21
2.73,6.84
3.45,1.33
4.53,4.09
3.11,5.10
6.06,5.17
4.06,2.47
3.03,3.86
5.48,9.29
3.90,2.41
1.13,1.83
3.92,7.10
3.21,3.56
5.14,11.36
5.69,9.41
3.36,4.82
2.93,3.35
2.06,2.00
1.85,2.64
5.39,6.40
4.30,6.48
2.12,1.22
2.46,2.48
2.04,3.15
1.39,1.04
2.56,5.01
2.53,1.30
3.43,3.88
2.54,1.29
2.40,2.73
2.71,4.18
3.05,3.45
3.72,2.24
2.24,3.17
4.74,6.47
1.93,1.18
4.48,4.53
1.96,0.23
2.20,1.53
3.55,7.01
1.36,4.88
2.52,1.37
5.05,8.15
4.60,8.96
3.47,8.69
2.90,1.95
2.02,3.97
2.20,2.69
4.37,11.03
2.55,1.82
2.19,1.62
1.53,2.40
1.74,1.85
3.75,4.81
1.86,1.74
3.74,5.15
2.85,4.12
4.86,3.90
4.29,2.80
7.45,6.13
4.59,5.06
4.06,7.76
1.74,1.51
3.58,2.46
2.51,4.23
5.02,9.20
0.59,1.97
2.92,2.45
5.38,7.39
2.18,2.08
3.04,2.32
2.32,1.39
2.60,3.24
1.13,1.48
2.18,1.53
5.93,5.30
2.93,2.74
6.39,2.35
4.25,3.06
1.54,1.98
1.49,4.06
1.65,2.19
5.79,8.31
1.45,2.40
2.64,4.78
2.09,0.98
2.55,3.96
3.07,3.10
3.68,2.30
2.52,2.65
0.92,0.81
5.85,3.88
2.25,1.27
7.55,6.17
0.82,2.74
4.39,4.28
3.42,5.02
2.52,1.86
0.89,1.89
6.22,6.72
5.17,4.41
0.98,1.17
3.40,11.59
5.13,5.41
3.00,7.18
2.31,0.59
1.92,1.69
1.94,1.96
3.26,3.87
3.22,2.26
1.24,1.72
6.67,5.97
1.31,1.82
1.20,2.46
1.21,0.68
2.99,3.71
1.99,2.76
2.04,1.88
1.94,4.20
4.54,3.95
6.32,5.25
5.39,3.53
5.04,2.69
3.28,3.34
6.74,10.89
3.30,8.41
2.15,3.42
4.04,4.84
5.60,4.58
9.81,14.15
2.53,1.59
3.44,1.81
1.44,2.16
2.13,1.85
2.08,2.51
1.78,4.30
2.20,5.31
1.86,1.47
4.10,3.61
1.61,0.65
6.96,9.50
5.49,4.80
2.39,2.77
0.92,2.52
4.89,7.84
2.34,1.67
1.89,2.70
2.18,2.51
1.59,3.23
2.18,1.79
2.90,2.85
2.09,2.05
3.44,5.05
1.34,0.94
2.50,6.49
6.87,5.09
3.26,4.04
13.87,21.35
1.44,1.37
1.82,0.99
2.80,2.56
2.30,4.26
3.77,3.07
5.37,4.47
3.00,1.06
1.93,6.39
19.19,25.53
1.37,1.15
6.23,5.81
5.41,4.48
2.20,8.04
3.79,3.64
2.09,0.96
1.08,3.34
1.36,0.54
3.34,3.19
8.49,14.23
2.86,3.52
1.74,1.85
2.86,3.13
7.44,12.83
3.79,2.91
0.98,2.43
2.00,2.41
3.29,7.18
9.16,7.73
2.78,2.38
3.74,2.76
2.62,3.50
3.90,3.27
3.27,5.21
2.65,4.24
3.91,2.74
1.73,1.86
3.15,3.15
2.80,2.13
1.16,2.50
1.65,2.27
1.93,2.75
0.46,0.51
4.67,2.05
3.89,4.31
3.03,3.11
2.43,2.14
3.84,7.36
13.80,21.85
3.38,4.95
2.23,3.38
1.08,6.41
5.84,10.23
5.19,8.03
2.50,2.24
1.41,1.82
3.43,3.30
3.20,3.05
1.40,0.91
1.98,0.90
2.50,1.36
6.12,6.09
1.35,1.48
3.40,2.57
3.31,6.58
3.57,4.49
4.23,4.12
5.04,2.74
3.51,1.24
3.35,4.67
3.62,3.46
1.13,0.84
4.18,4.70
6.58,9.61
0.96,1.78
8.49,10.35
1.55,3.04
2.36,3.28
2.49,1.56
4.08,4.33
1.10,2.04
4.36,4.81
6.17,4.56
2.06,3.49
2.08,2.58
1.98,2.51
3.43,4.62
6.15,6.15
2.80,5.54
1.48,4.49
2.43,3.71
5.82,7.46
5.32,11.40
2.04,1.85
3.33,4.38
3.59,2.92
5.53,6.11
1.34,3.67
5.89,10.23
3.69,6.80
1.95,2.62
6.18,16.36
3.71,4.33
1.14,1.41
3.05,3.54
2.19,1.68
3.67,4.13
4.06,5.05
5.20,3.57
5.38,4.14
4.97,7.16
3.62,4.27
1.01,1.81
2.39,3.97
2.50,3.94
3.28,2.30
1.37,1.39
5.18,13.95
4.14,6.23
5.76,6.95
1.46,1.14
0.75,10.54
5.62,6.41
2.00,0.84
2.28,4.83
3.20,3.34
2.14,2.45
1.63,1.22
3.25,3.37
2.13,2.65
2.64,1.55
0.71,1.80
4.85,4.67
3.49,5.01
0.84,0.86
1.16,1.71
8.11,6.74
1.82,1.15
3.52,3.87
2.38,2.86
3.05,2.80
2.75,2.20
1.19,2.63
3.48,4.80
1.90,1.33
4.27,4.95
4.11,5.97
14.99,17.08
3.26,2.85
2.68,1.38
1.23,1.31
2.63,4.04
2.91,6.75
4.93,5.87
4.62,4.26
3.90,3.23
3.33,4.36
2.26,1.02
3.07,4.94
2.58,3.58
10.84,19.75
2.52,3.23
6.60,8.68
1.42,1.73
13.83,14.73
3.10,1.93
1.42,1.71
1.52,1.60
4.84,5.33
3.21,4.01
2.29,2.34
3.52,3.40
7.50,9.33
1.35,3.69
9.24,11.89
4.56,11.26
4.96,8.19
1.19,0.85
1.32,2.42
4.84,5.36
2.12,2.36
0.95,1.67
2.58,2.12
1.71,1.67
5.51,2.67
0.38,0.55
3.93,3.32
4.63,3.30
0.92,1.61
2.02,4.51
3.91,2.66
2.89,2.56
3.35,1.81
1.29,1.88
2.20,3.65
4.24,4.00
2.61,2.18
0.78,1.35
2.73,5.20
6.39,7.21
2.81,4.73
2.01,3.42
1.40,0.24
3.72,3.23
3.07,3.64
4.49,2.42
4.32,5.08
2.58,1.87
6.05,6.15
1.85,1.36
2.02,3.42
3.24,4.54
7.15,17.11
3.32,2.90
8.47,4.97
7.36,10.76
1.79,2.90
0.93,1.60
1.43,3.44
6.42,6.04
4.34,2.70
3.37,4.18
2.94,3.25
2.73,3.75
2.01,5.68
3.47,3.31
1.90,4.00
0.86,1.51
3.08,2.44
2.95,2.34
2.64,3.25
14.31,27.71
19.48,21.94
6.09,9.86
2.43,7.43
2.02,2.87
1.70,2.23
4.56,6.34
3.08,5.84
4.79,11.86
1.27,2.22
2.45,1.17
1.18,0.48
1.32,2.29
1.93,2.87
1.76,1.21
1.75,1.93
1.31,2.56
5.69,3.68
4.22,6.11
3.57,3.31
9.09,11.45
3.81,3.28
2.69,2.58
2.97,3.41
1.24,4.96
2.83,3.52
1.81,0.68
7.37,8.08
9.59,13.64
2.48,16.43
1.86,2.71
1.76,3.35
4.69,7.03
9.31,11.27
2.45,3.10
0.66,2.50
4.00,4.68
1.29,2.15
0.83,3.27
4.49,3.71
2.85,1.71
1.17,1.59
1.95,1.42
2.11,3.00
2.61,3.00
1.57,2.33
2.62,2.84
2.67,3.56
3.23,2.88
1.90,1.24
10.55,12.86
1.99,4.75
2.69,4.41
1.61,1.07
8.09,9.91
3.94,6.32
3.35,5.10
3.21,2.39
2.57,5.07
2.96,4.93
1.13,1.40
1.86,1.38
3.50,2.62
3.48,3.32
1.52,1.43
2.28,2.43
2.65,1.45
3.43,2.58
2.11,2.04
1.60,0.54
3.00,4.57
2.92,3.20
2.86,5.83
2.81,2.97
2.70,3.91
2.12,1.69
1.26,0.85
4.67,3.06
4.16,5.75
6.37,15.41
1.31,1.23
3.47,3.33
2.15,3.25
7.61,10.91
3.68,2.50
5.72,4.29
3.21,6.31
3.51,3.88
1.10,0.76
2.80,1.60
1.95,4.49
7.81,8.91
6.53,7.85
5.45,4.43
1.41,2.73
3.79,6.56
0.67,0.74
2.68,2.64
3.03,2.70
1.20,1.19
2.57,3.54
5.15,7.19
11.31,12.41
1.08,1.44
1.47,1.83
1.27,1.80
3.89,1.42
1.17,2.36
2.24,1.93
6.29,10.50
2.65,6.47
5.71,3.67
4.43,5.38
1.75,2.27
1.68,2.35
2.43,1.80
3.19,8.30
1.64,2.15
5.00,6.24
1.70,2.41
1.86,3.42
2.98,2.70
2.39,2.75
0.69,1.09
4.35,3.17
2.41,1.99
3.15,3.59
3.41,2.61
2.02,3.02
