temperature_C,sales_thousand_usd
12.7,0.59
34.0,2.65
24.3,1.65
23.6,1.41
24.7,2.17
20.7,1.11
27.6,2.08
19.7,1.17
21.3,1.46
21.3,2.93
20.6,1.89
19.6,1.02
18.9,1.06
24.6,2.23
16.8,1.31
24.7,1.97
26.3,3.63
25.6,3.02
28.7,1.32
19.3,1.13
23.1,1.03
17.2,1.17
22.3,1.47
23.6,2.93
26.7,2.30
21.8,1.36
18.6,0.95
30.8,1.93
19.6,1.34
21.9,1.04
26.4,3.12
24.6,2.42
26.0,3.06
18.1,1.11
25.9,2.87
32.8,3.05
25.2,3.43
33.2,2.34
28.5,1.08
24.2,1.55
27.0,2.08
27.5,4.00
24.7,2.42
23.1,1.81
27.2,2.10
21.6,1.24
12.2,0.54
31.9,3.02
25.7,1.10
25.5,2.02
26.9,4.88
21.1,3.12
25.9,2.52
25.6,2.56
18.6,2.84
24.1,1.82
19.0,1.13
20.0,1.62
29.4,2.61
26.0,4.36
25.4,2.27
32.5,2.23
20.3,1.38
28.1,2.91
19.6,1.28
23.7,1.73
19.4,1.08
23.2,1.62
19.2,0.76
19.3,0.86
17.8,1.39
34.6,1.47
19.3,1.16
24.0,2.08
22.3,1.41
28.1,2.47
28.2,2.13
28.2,1.95
24.8,1.56
24.3,2.23
17.0,0.90
28.7,2.85
27.8,1.96
22.2,2.42
20.6,1.25
23.7,2.29
22.8,3.19
24.6,1.72
21.9,1.53
21.3,2.05
24.9,3.97
29.0,2.12
23.2,1.91
31.4,2.31
26.0,1.48
26.5,1.82
25.4,2.63
22.5,1.37
17.3,1.12
27.1,3.69
21.6,1.27
16.5,1.06
31.2,2.83
28.7,3.81
20.2,2.66
21.1,1.44
22.6,1.85
27.5,2.25
27.0,2.20
25.2,1.57
28.8,2.09
18.6,1.30
23.5,1.75
24.6,2.68
32.4,1.68
17.6,0.96
24.3,1.63
30.7,3.08
24.4,2.75
21.1,1.39
31.2,2.55
28.1,1.84
30.7,4.05
29.0,1.02
19.2,1.40
17.7,0.86
30.8,1.85
25.1,1.55
28.1,2.49
16.1,0.91
34.2,1.53
17.2,0.96
28.0,2.42
21.0,1.39
17.8,1.06
23.2,1.69
19.2,1.43
21.4,1.65
28.8,1.31
19.5,1.40
30.2,1.85
29.0,2.38
21.7,1.11
17.8,2.22
26.5,1.64
24.2,1.23
24.2,1.66
27.8,1.57
27.2,1.56
20.5,1.13
29.9,1.30
14.8,1.11
31.1,2.19
25.0,2.15
19.2,1.22
16.8,1.02
26.9,2.77
16.6,0.99
22.3,1.09
31.0,1.86
18.9,1.06
22.0,1.92
28.6,3.00
27.8,2.44
29.5,2.40
26.7,2.30
21.5,1.37
26.1,1.70
20.5,1.34
25.2,2.13
23.1,1.91
20.5,1.57
24.2,1.68
22.6,2.07
18.2,1.14
24.5,2.01
25.6,1.31
23.0,2.79
26.8,2.01
26.6,1.72
33.9,1.47
27.6,1.97
20.2,1.30
20.2,1.75
41.1,2.35
32.0,1.70
23.8,1.35
15.4,0.95
27.6,1.64
11.6,0.63
26.1,1.69
24.5,3.01
21.3,1.47
26.6,1.70
17.7,1.13
18.1,1.12
23.4,1.89
28.6,2.57
24.9,2.32
24.3,2.18
25.4,2.04
25.3,2.13
27.6,2.46
29.8,3.04
26.3,2.15
18.8,1.04
36.6,1.80
30.6,1.35
27.3,2.06
28.7,1.78
19.5,1.13
26.6,2.21
21.8,1.13
21.5,2.42
17.4,0.88
20.7,1.59
7.6,0.48
10.8,0.79
24.1,3.39
25.4,1.72
27.7,1.73
22.3,1.73
27.6,2.11
27.2,1.85
25.5,1.56
16.4,0.91
20.2,1.57
19.1,1.09
17.5,0.97
31.5,3.26
25.1,2.22
29.5,1.21
19.7,1.08
22.9,1.57
18.9,1.15
22.3,0.94
11.5,0.65
23.1,1.43
15.4,0.85
27.7,2.93
24.5,2.13
35.0,4.00
21.8,2.09
28.5,2.73
31.6,2.60
26.7,1.74
21.4,1.82
21.9,1.84
16.3,0.97
25.0,1.52
23.5,1.89
30.6,1.89
13.0,0.73
23.8,1.14
15.8,0.87
19.5,1.37
27.1,2.62
27.7,2.62
24.0,2.84
30.7,2.25
32.0,3.52
21.9,2.30
28.1,2.07
22.7,1.38
24.0,3.14
27.1,1.80
27.5,2.52
25.7,2.27
25.5,2.52
17.1,1.18
31.0,1.70
22.8,1.93
27.8,2.08
23.1,2.79
35.7,1.70
26.0,1.58
24.9,1.78
24.6,1.68
26.3,2.12
28.9,1.49
19.7,1.67
16.7,1.15
21.6,1.61
22.0,1.96
20.2,1.06
23.6,1.82
17.7,1.81
16.4,1.00
24.2,1.38
28.3,3.37
26.2,1.21
19.5,1.29
20.2,1.18
23.2,1.30
17.7,1.05
26.5,3.37
26.0,2.18
23.6,1.53
17.2,0.94
24.9,1.99
